<?xml version="1.0" encoding="UTF-8"?><?xml-stylesheet type='text/xsl' href='_UpgradeReport_Files/UpgradeReport.xslt'?><UpgradeLog>
<Properties><Property Name="Solution" Value="MeshTestbed">
</Property><Property Name="Solution File" Value="C:\Users\Matt\Desktop\MeshTestbed\C++\MeshTestbed.sln">
</Property><Property Name="Date" Value="Tuesday, December 20, 2016">
</Property><Property Name="Time" Value="18:40 PM">
</Property></Properties><Event ErrorLevel="0" Project="" Source="MeshTestbed.sln" Description="File successfully backed up as C:\Users\Matt\Desktop\MeshTestbed\C++\MeshTestbed.sln.old">
</Event><Event ErrorLevel="0" Project="MeshTestbed" Source="MeshTestbed.vcproj" Description="Converting project file 'C:\Users\Matt\Desktop\MeshTestbed\C++\MeshTestbed.vcproj'.">
</Event><Event ErrorLevel="1" Project="MeshTestbed" Source="MeshTestbed.vcproj" Description="This application has been updated to include settings related to the User Account Control (UAC) feature of Windows Vista. By default, when run on Windows Vista with UAC enabled, this application is marked to run with the same privileges as the process that launched it. This marking also disables the application from running with virtualization. You can change UAC related settings from the Property Pages of the project.">
</Event><Event ErrorLevel="1" Project="MeshTestbed" Source="MeshTestbed.vcproj" Description="VCWebServiceProxyGeneratorTool is no longer supported. The tool has been removed from your project settings.">
</Event><Event ErrorLevel="0" Project="MeshTestbed" Source="MeshTestbed.vcproj" Description="Web deployment to the local IIS server is no longer supported. The Web Deployment build tool has been removed from your project settings.">
</Event><Event ErrorLevel="1" Project="MeshTestbed" Source="MeshTestbed.vcproj" Description="MSB8012: $(TargetPath) ('C:\Users\Matt\Desktop\MeshTestbed\C++\.\Release\MeshTestbed.exe') does not match the Linker's OutputFile property value '.\Release/MeshTestbed.exe' ('C:\Users\Matt\Desktop\MeshTestbed\C++\Release/MeshTestbed.exe') in project configuration 'Release|Win32'. This may cause your project to build incorrectly. To correct this, please make sure that $(TargetPath) property value matches the value specified in %(Link.OutputFile).">
</Event><Event ErrorLevel="1" Project="MeshTestbed" Source="MeshTestbed.vcproj" Description="MSB8012: $(TargetPath) ('C:\Users\Matt\Desktop\MeshTestbed\C++\.\Debug\MeshTestbed.exe') does not match the Linker's OutputFile property value '.\Debug/MeshTestbed.exe' ('C:\Users\Matt\Desktop\MeshTestbed\C++\Debug/MeshTestbed.exe') in project configuration 'Debug|Win32'. This may cause your project to build incorrectly. To correct this, please make sure that $(TargetPath) property value matches the value specified in %(Link.OutputFile).">
</Event><Event ErrorLevel="0" Project="MeshTestbed" Source="MeshTestbed.vcproj" Description="Done converting to new project file 'C:\Users\Matt\Desktop\MeshTestbed\C++\MeshTestbed.vcxproj'.">
</Event><Event ErrorLevel="3" Project="MeshTestbed" Source="MeshTestbed.vcproj" Description="Converted">
</Event><Event ErrorLevel="0" Project="" Source="MeshTestbed.sln" Description="Solution converted successfully">
</Event><Event ErrorLevel="3" Project="" Source="MeshTestbed.sln" Description="Converted">
</Event></UpgradeLog>